{
    "missing_value": -999.99,
    "integration_time": 60,
    "drop_size": [
        "n1",
        "n2",
        "n3",
        "n4",
        "n5",
        "n6",
        "n7",
        "n8",
        "n9",
        "n10",
        "n11",
        "n12",
        "n13",
        "n14",
        "n15",
        "n16",
        "n17",
        "n18",
        "n19",
        "n20"
    ],
    "mean_diam": [
        0.359,
        0.455,
        0.551,
        0.656,
        0.771,
        0.913,
        1.116,
        1.331,
        1.506,
        1.665,
        1.912,
        2.259,
        2.584,
        2.869,
        3.198,
        3.544,
        3.916,
        4.35,
        4.859,
        5.373
    ],
    "velocity": [
        1.435,
        1.862,
        2.267,
        2.692,
        3.154,
        3.717,
        4.382,
        4.986,
        5.423,
        5.793,
        6.315,
        7.009,
        7.546,
        7.903,
        8.258,
        8.556,
        8.784,
        8.965,
        9.076,
        9.137
    ],
    "delta_diam": [
        0.092,
        0.1,
        0.091,
        0.119,
        0.112,
        0.172,
        0.233,
        0.197,
        0.153,
        0.166,
        0.329,
        0.364,
        0.286,
        0.284,
        0.374,
        0.319,
        0.423,
        0.446,
        0.572,
        0.455
    ]
}